"ID";"Perioden";"TotaalLevendGeborenKinderen_1";"LevendGeborenKinderenRelatief_2";"AlgemeenVruchtbaarheidscijfer_3";"TotaalLevendGeborenKinderen_4";"Jongens_5";"Meisjes_6";"JongensPer1000Meisjes_7";"TotaalLevendGeborenKinderen_8";"JongerDan20Jaar_9";"k_20Tot25Jaar_10";"k_25Tot30Jaar_11";"k_30Tot35Jaar_12";"k_35Tot40Jaar_13";"k_40Tot45Jaar_14";"k_45JaarOfOuder_15";"TotaalLevendGeborenKinderen_16";"k_1eKind_17";"k_2eKind_18";"k_3eKind_19";"k_4eOfVolgendeKinderen_20";"TotaalLevendGeborenKinderen_21";"MoederGehuwd_22";"MoederNietGehuwd_23";"TotaalLevendGeborenKinderen_24";"PersoonMetEenNederlandseAchtergrond_25";"PersoonMetEenMigratieachtergrond_26";"PersoonMetEenWesterseMigratieacht_27";"PersoonMetEenNietWesterseMigrati_28";"DoodgeborenKinderen24OfMeerWeken_29";"DoodgeborenKinderen24Relatief_30";"DoodgeborenKinderen28OfMeerWeken_31";"DoodgeborenKinderen28Relatief_32";"TotaalGeboorten_33";"EnkelvoudigeGeboorten_34";"TotaalMeervoudigeGeboorten_35";"TotaalTweelinggeboorten_36";"k_2Jongens_37";"k_1JongenEn1Meisje_38";"k_2Meisjes_39";"DrieOfMeervoudigeGeboorten_40";"GemiddeldKindertalPerVrouw_41";"GemiddeldAantal1eKinderenPerVrouw_42";"GemiddeldAantal2eKinderenPerVrouw_43";"GemiddeldAantal3eKinderenPerVrouw_44";"GemiddeldAantal4eOfVolgendeKind_45";"GemiddeldKindertalPerMan_46";"GemiddeldAantal1eKinderenPerMan_47";"TotaalAlleKinderen_48";"Bij1eKind_49";"Bij2eKind_50";"Bij3eKind_51";"Bij4eOfVolgendeKind_52";"TotaalAlleKinderen_53";"Bij1eKindVanDeMoeder_54";"NettoVervangingsfactor_55"
"0";"1950JJ00";"  229718";"    22.7";"    90.5";"  229718";"  118521";"  111197";"    1066";"  229718";"    3562";"   32747";"   71176";"   60682";"   42024";"   17715";"    1812";"  229718";"   62373";"   56399";"   39183";"   71763";"  229718";"  226289";"    3429";"  229718";"       .";"       .";"       .";"       .";"       .";"       .";"    4511";"    19.3";"  231291";"  228383";"    2908";"    2878";"     937";"    1031";"     910";"      30";"   3.097";"   0.804";"   0.743";"   0.531";"   1.019";"       .";"       .";"    30.6";"    26.4";"    29.0";"    31.2";"    35.2";"       .";"       .";"    1.42"
"1";"1951JJ00";"  228407";"    22.3";"    89.4";"  228407";"  117803";"  110604";"    1065";"  228407";"    3790";"   34221";"   70178";"   60932";"   40559";"   16954";"    1773";"  228407";"   64301";"   54907";"   38459";"   70740";"  228407";"  225174";"    3233";"  228407";"       .";"       .";"       .";"       .";"       .";"       .";"    4259";"    18.3";"  229737";"  226838";"    2899";"    2872";"     957";"     970";"     945";"      27";"   3.051";"   0.824";"   0.717";"   0.516";"   0.994";"       .";"       .";"    30.5";"    26.2";"    28.9";"    31.1";"    35.2";"       .";"       .";"    1.40"
"2";"1952JJ00";"  231888";"    22.3";"    90.6";"  231888";"  119598";"  112290";"    1065";"  231888";"    3889";"   35286";"   71488";"   62897";"   39550";"   16961";"    1817";"  231888";"   67992";"   54982";"   38141";"   70773";"  231888";"  228709";"    3179";"  231888";"       .";"       .";"       .";"       .";"       .";"       .";"    4310";"    18.2";"  233216";"  230275";"    2941";"    2900";"     986";"    1042";"     872";"      41";"   3.087";"   0.873";"   0.717";"   0.509";"   0.989";"       .";"       .";"    30.4";"    26.2";"    28.9";"    31.1";"    35.1";"       .";"       .";"    1.41"
"3";"1953JJ00";"  227964";"    21.7";"    88.9";"  227964";"  117505";"  110459";"    1064";"  227964";"    3780";"   34568";"   69989";"   63916";"   37456";"   16554";"    1701";"  227964";"   65933";"   55623";"   37664";"   68744";"  227964";"  224998";"    2966";"  227964";"       .";"       .";"       .";"       .";"       .";"       .";"    4043";"    17.4";"  229053";"  226129";"    2924";"    2894";"     968";"    1012";"     914";"      30";"   3.033";"   0.850";"   0.726";"   0.501";"   0.956";"       .";"       .";"    30.4";"    26.2";"    28.9";"    31.2";"    35.1";"       .";"       .";"    1.40"
"4";"1954JJ00";"  228173";"    21.5";"    88.6";"  228173";"  117672";"  110501";"    1065";"  228173";"    3663";"   35011";"   70835";"   64294";"   36521";"   16136";"    1713";"  228173";"   66458";"   56692";"   37338";"   67685";"  228173";"  225232";"    2941";"  228173";"       .";"       .";"       .";"       .";"       .";"       .";"    4036";"    17.4";"  229226";"  226263";"    2963";"    2943";"     966";"    1016";"     961";"      20";"   3.029";"   0.859";"   0.740";"   0.495";"   0.935";"       .";"       .";"    30.3";"    26.2";"    28.8";"    31.2";"    35.1";"       .";"       .";"    1.40"
"5";"1955JJ00";"  229222";"    21.3";"    88.5";"  229222";"  117588";"  111634";"    1053";"  229222";"    3954";"   35324";"   72096";"   63618";"   37169";"   15460";"    1601";"  229222";"   68443";"   56654";"   37823";"   66302";"  229222";"  226451";"    2771";"  229222";"       .";"       .";"       .";"       .";"       .";"       .";"    3966";"    17.0";"  230172";"  227185";"    2987";"    2958";"     988";"    1012";"     958";"      29";"   3.033";"   0.886";"   0.739";"   0.499";"   0.909";"       .";"       .";"    30.2";"    26.1";"    28.8";"    31.1";"    35.1";"       .";"       .";"    1.41"
"6";"1956JJ00";"  231492";"    21.3";"    89.0";"  231492";"  119199";"  112293";"    1061";"  231492";"    4094";"   36220";"   73978";"   63228";"   37479";"   14981";"    1512";"  231492";"   70117";"   58050";"   37347";"   65978";"  231492";"  228621";"    2871";"  231492";"       .";"       .";"       .";"       .";"       .";"       .";"    3980";"    16.9";"  232414";"  229401";"    3013";"    2969";"     964";"    1036";"     969";"      44";"   3.054";"   0.908";"   0.757";"   0.492";"   0.897";"       .";"       .";"    30.1";"    26.1";"    28.8";"    31.2";"    35.0";"       .";"       .";"    1.42"
"7";"1957JJ00";"  233892";"    21.2";"    89.4";"  233892";"  120256";"  113636";"    1058";"  233892";"    4384";"   37493";"   76711";"   62091";"   37334";"   14372";"    1507";"  233892";"   72540";"   59466";"   37828";"   64058";"  233892";"  230975";"    2917";"  233892";"       .";"       .";"       .";"       .";"       .";"       .";"    4016";"    16.9";"  234922";"  231963";"    2959";"    2934";"    1011";"     967";"     956";"      25";"   3.080";"   0.941";"   0.776";"   0.497";"   0.866";"       .";"       .";"    30.0";"    26.0";"    28.7";"    31.1";"    35.0";"       .";"       .";"    1.44"
"8";"1958JJ00";"  236859";"    21.2";"    89.7";"  236859";"  121700";"  115159";"    1057";"  236859";"    4618";"   39381";"   78094";"   61922";"   38009";"   13360";"    1475";"  236859";"   74821";"   60882";"   38041";"   63115";"  236859";"  233926";"    2933";"  236859";"       .";"       .";"       .";"       .";"       .";"       .";"    4029";"    16.7";"  237837";"  234817";"    3020";"    2990";"     971";"    1075";"     944";"      30";"   3.107";"   0.969";"   0.794";"   0.499";"   0.846";"       .";"       .";"    29.9";"    25.9";"    28.7";"    31.1";"    35.0";"       .";"       .";"    1.45"
"9";"1959JJ00";"  242518";"    21.4";"    90.9";"  242518";"  124292";"  118226";"    1051";"  242518";"    5141";"   41349";"   80225";"   62692";"   38224";"   13348";"    1539";"  242518";"   76420";"   64416";"   39073";"   62609";"  242518";"  239185";"    3333";"  242518";"       .";"       .";"       .";"       .";"       .";"       .";"    3878";"    15.7";"  243337";"  240306";"    3031";"    3003";"    1023";"    1059";"     921";"      28";"   3.171";"   0.987";"   0.839";"   0.511";"   0.833";"       .";"       .";"    29.8";"    25.8";"    28.6";"    31.1";"    35.0";"       .";"       .";"    1.49"
"10";"1960JJ00";"  239128";"    20.8";"    89.0";"  239128";"  122796";"  116332";"    1056";"  239128";"    5432";"   42461";"   78834";"   61121";"   36660";"   13271";"    1349";"  239128";"   74486";"   64779";"   39735";"   60128";"  239128";"  235899";"    3229";"  239128";"       .";"       .";"       .";"       .";"       .";"       .";"    3618";"    14.9";"  239741";"  236763";"    2978";"    2952";"    1033";"     991";"     928";"      26";"   3.122";"   0.959";"   0.845";"   0.521";"   0.797";"       .";"       .";"    29.6";"    25.6";"    28.5";"    31.0";"    34.9";"       .";"       .";"    1.46"
"11";"1961JJ00";"  247407";"    21.3";"    90.1";"  247407";"  126740";"  120667";"    1050";"  247407";"    6222";"   45808";"   80921";"   63353";"   36379";"   13370";"    1354";"  247407";"   77577";"   67152";"   41793";"   60885";"  247407";"  243874";"    3533";"  247407";"       .";"       .";"       .";"       .";"       .";"       .";"    3724";"    14.8";"  248094";"  245078";"    3016";"    2995";"    1013";"    1068";"     914";"      21";"   3.217";"   0.990";"   0.875";"   0.548";"   0.804";"       .";"       .";"    29.5";"    25.4";"    28.4";"    30.9";"    34.9";"       .";"       .";"    1.51"
"12";"1962JJ00";"  246150";"    20.9";"    88.0";"  246150";"  126089";"  120061";"    1050";"  246150";"    6912";"   48494";"   80494";"   61737";"   34316";"   12995";"    1202";"  246150";"   79152";"   66954";"   41503";"   58541";"  246150";"  242440";"    3710";"  246150";"       .";"       .";"       .";"       .";"       .";"       .";"    3645";"    14.6";"  246670";"  243575";"    3095";"    3065";"    1019";"    1082";"     964";"      30";"   3.176";"   0.995";"   0.868";"   0.543";"   0.770";"       .";"       .";"    29.3";"    25.2";"    28.2";"    30.9";"    34.8";"       .";"       .";"    1.50"
"13";"1963JJ00";"  249879";"    20.9";"    87.9";"  249879";"  128459";"  121420";"    1058";"  249879";"    7694";"   51664";"   82045";"   61133";"   33453";"   12728";"    1162";"  249879";"   80776";"   69214";"   42269";"   57620";"  249879";"  245888";"    3991";"  249879";"       .";"       .";"       .";"       .";"       .";"       .";"    3627";"    14.3";"  250439";"  247398";"    3041";"    3015";"    1029";"     975";"    1011";"      26";"   3.193";"   0.995";"   0.890";"   0.551";"   0.757";"       .";"       .";"    29.1";"    25.0";"    28.1";"    30.8";"    34.7";"       .";"       .";"    1.50"
"14";"1964JJ00";"  250914";"    20.7";"    87.2";"  250914";"  129035";"  121879";"    1059";"  250914";"    8334";"   54524";"   83075";"   59516";"   32415";"   11947";"    1103";"  250914";"   83512";"   70157";"   42748";"   54497";"  250914";"  246553";"    4361";"  250914";"       .";"       .";"       .";"       .";"       .";"       .";"    3405";"    13.4";"  251354";"  248421";"    2933";"    2901";"    1046";"     910";"     945";"      32";"   3.166";"   1.004";"   0.892";"   0.556";"   0.715";"       .";"       .";"    28.9";"    24.9";"    27.9";"    30.7";"    34.7";"       .";"       .";"    1.49"
"15";"1965JJ00";"  245216";"    19.9";"    84.1";"  245216";"  126064";"  119152";"    1058";"  245216";"    9743";"   56023";"   82650";"   55126";"   29915";"   10727";"    1032";"  245216";"   86598";"   69786";"   40497";"   48335";"  245216";"  240705";"    4511";"  245216";"       .";"       .";"       .";"       .";"       .";"       .";"    3262";"    13.1";"  245653";"  242849";"    2804";"    2784";"     971";"     888";"     925";"      20";"   3.039";"   1.010";"   0.873";"   0.523";"   0.633";"       .";"       .";"    28.6";"    24.7";"    27.8";"    30.7";"    34.7";"       .";"       .";"    1.43"
"16";"1966JJ00";"  239611";"    19.2";"    81.1";"  239611";"  122866";"  116745";"    1052";"  239611";"    9304";"   60495";"   81165";"   51223";"   26947";"    9482";"     995";"  239611";"   89397";"   70477";"   38199";"   41538";"  239611";"  234915";"    4696";"  239611";"       .";"       .";"       .";"       .";"       .";"       .";"    3135";"    12.9";"  240073";"  237424";"    2649";"    2626";"     888";"     851";"     887";"      23";"   2.903";"   1.007";"   0.864";"   0.489";"   0.543";"       .";"       .";"    28.2";"    24.6";"    27.7";"    30.7";"    34.7";"       .";"       .";"    1.38"
"17";"1967JJ00";"  238678";"    18.9";"    79.8";"  238678";"  122529";"  116149";"    1055";"  238678";"    9043";"   66308";"   80851";"   48162";"   24913";"    8534";"     867";"  238678";"   93373";"   72096";"   36448";"   36761";"  238678";"  233725";"    4953";"  238678";"       .";"       .";"       .";"       .";"       .";"       .";"    2916";"    12.1";"  238960";"  236346";"    2614";"    2595";"     949";"     801";"     845";"      19";"   2.814";"   1.013";"   0.861";"   0.461";"   0.479";"       .";"       .";"    27.9";"    24.5";"    27.5";"    30.6";"    34.7";"       .";"       .";"    1.33"
"18";"1968JJ00";"  237112";"    18.6";"    78.2";"  237112";"  121289";"  115823";"    1047";"  237112";"    8732";"   69148";"   81917";"   46345";"   22838";"    7359";"     773";"  237112";"   94222";"   74292";"   35484";"   33114";"  237112";"  232293";"    4819";"  237112";"       .";"       .";"       .";"       .";"       .";"       .";"    2699";"    11.3";"  237273";"  234757";"    2516";"    2494";"     849";"     777";"     868";"      22";"   2.716";"   0.984";"   0.861";"   0.441";"   0.429";"       .";"       .";"    27.6";"    24.4";"    27.3";"    30.4";"    34.6";"       .";"       .";"    1.29"
"19";"1969JJ00";"  247588";"    19.2";"    80.6";"  247588";"  127123";"  120465";"    1055";"  247588";"    9196";"   73971";"   86818";"   47700";"   22199";"    6974";"     730";"  247588";"   96717";"   80305";"   38099";"   32467";"  247588";"  242210";"    5378";"  247588";"       .";"       .";"       .";"       .";"       .";"       .";"    2752";"    11.0";"  247702";"  245087";"    2615";"    2593";"     901";"     792";"     900";"      22";"   2.748";"   0.970";"   0.898";"   0.463";"   0.417";"       .";"       .";"    27.5";"    24.3";"    27.2";"    30.3";"    34.4";"       .";"       .";"    1.30"
"20";"1970JJ00";"  238912";"    18.3";"    77.0";"  238912";"  122330";"  116582";"    1049";"  238912";"    9239";"   73386";"   83294";"   45763";"   20249";"    6360";"     621";"  238912";"   93167";"   80091";"   36879";"   28775";"  238912";"  233944";"    4968";"  238912";"       .";"       .";"       .";"       .";"       .";"       .";"    2588";"    10.7";"  239099";"  236716";"    2383";"    2365";"     786";"     765";"     814";"      18";"   2.572";"   0.905";"   0.863";"   0.438";"   0.366";"       .";"       .";"    27.4";"    24.3";"    27.2";"    30.3";"    34.4";"       .";"       .";"    1.22"
"21";"1971JJ00";"  227180";"    17.2";"    72.3";"  227180";"  116634";"  110546";"    1055";"  227180";"    9229";"   67100";"   86584";"   41301";"   17096";"    5369";"     501";"  227180";"   91766";"   77838";"   33441";"   24135";"  227180";"  222708";"    4472";"  227180";"       .";"       .";"       .";"       .";"       .";"       .";"    2336";"    10.2";"  227165";"  224838";"    2327";"    2303";"     858";"     670";"     775";"      24";"   2.362";"   0.870";"   0.806";"   0.384";"   0.301";"       .";"       .";"    27.2";"    24.3";"    27.1";"    30.1";"    34.2";"       .";"       .";"    1.12"
"22";"1972JJ00";"  214133";"    16.1";"    67.2";"  214133";"  109474";"  104659";"    1046";"  214133";"    8285";"   61886";"   88469";"   36936";"   14017";"    4228";"     312";"  214133";"   90338";"   76593";"   28500";"   18702";"  214133";"  210056";"    4077";"  214133";"       .";"       .";"       .";"       .";"       .";"       .";"    1993";"     9.2";"  213868";"  211631";"    2237";"    2218";"     770";"     676";"     772";"      19";"   2.151";"   0.842";"   0.763";"   0.317";"   0.229";"       .";"       .";"    27.0";"    24.5";"    27.1";"    30.0";"    34.1";"       .";"       .";"    1.03"
"23";"1973JJ00";"  194993";"    14.5";"    60.5";"  194993";"   99729";"   95264";"    1047";"  194993";"    7233";"   54890";"   85068";"   32618";"   11641";"    3269";"     274";"  194993";"   84363";"   72954";"   23310";"   14366";"  194993";"  191304";"    3689";"  194993";"       .";"       .";"       .";"       .";"       .";"       .";"    1782";"     9.1";"  194721";"  192691";"    2030";"    2006";"     697";"     616";"     693";"      24";"   1.904";"   0.778";"   0.704";"   0.250";"   0.172";"       .";"       .";"    26.9";"    24.7";"    27.1";"    30.0";"    34.1";"       .";"       .";"    0.91"
"24";"1974JJ00";"  185982";"    13.7";"    56.9";"  185982";"   95430";"   90552";"    1054";"  185982";"    6383";"   51833";"   83903";"   31211";"    9773";"    2663";"     216";"  185982";"   81122";"   72589";"   20948";"   11323";"  185982";"  182296";"    3686";"  185982";"       .";"       .";"       .";"       .";"       .";"       .";"    1651";"     8.8";"  185777";"  183949";"    1828";"    1802";"     661";"     526";"     615";"      26";"   1.773";"   0.741";"   0.682";"   0.217";"   0.132";"       .";"       .";"    26.9";"    24.8";"    27.2";"    30.0";"    34.0";"       .";"       .";"    0.84"
"25";"1975JJ00";"  177876";"    13.0";"    53.6";"  177876";"   91090";"   86786";"    1050";"  177876";"    5384";"   47863";"   83429";"   29948";"    8885";"    2160";"     207";"  177876";"   77995";"   70411";"   19457";"   10013";"  177876";"  174056";"    3820";"  177876";"       .";"       .";"       .";"       .";"       .";"       .";"    1374";"     7.7";"  177476";"  175733";"    1743";"    1715";"     566";"     514";"     635";"      28";"   1.664";"   0.707";"   0.650";"   0.194";"   0.113";"       .";"       .";"    26.9";"    25.0";"    27.3";"    29.9";"    33.7";"       .";"       .";"    0.79"
"26";"1976JJ00";"  177090";"    12.9";"    52.5";"  177090";"   91128";"   85962";"    1060";"  177090";"    4861";"   46846";"   81024";"   33953";"    8237";"    1990";"     179";"  177090";"   76465";"   70789";"   20136";"    9700";"  177090";"  172735";"    4355";"  177090";"       .";"       .";"       .";"       .";"       .";"       .";"    1436";"     8.0";"  176636";"  174780";"    1856";"    1827";"     625";"     502";"     700";"      29";"   1.632";"   0.689";"   0.644";"   0.194";"   0.105";"       .";"       .";"    27.0";"    25.1";"    27.4";"    29.8";"    33.4";"       .";"       .";"    0.78"
"27";"1977JJ00";"  173296";"    12.5";"    50.6";"  173296";"   88954";"   84342";"    1055";"  173296";"    4375";"   43524";"   78639";"   36809";"    7994";"    1784";"     171";"  173296";"   74026";"   69289";"   20475";"    9506";"  173296";"  168549";"    4747";"  173296";"       .";"       .";"       .";"       .";"       .";"       .";"    1317";"     7.5";"  172755";"  170930";"    1825";"    1796";"     651";"     505";"     640";"      29";"   1.579";"   0.662";"   0.625";"   0.191";"   0.100";"       .";"       .";"    27.2";"    25.3";"    27.5";"    29.8";"    33.4";"       .";"       .";"    0.75"
"28";"1978JJ00";"  175550";"    12.6";"    50.5";"  175550";"   89964";"   85586";"    1051";"  175550";"    4256";"   42629";"   79314";"   39436";"    8146";"    1599";"     170";"  175550";"   74971";"   69222";"   21923";"    9434";"  175550";"  170191";"    5359";"  175550";"       .";"       .";"       .";"       .";"       .";"       .";"    1259";"     7.1";"  175006";"  173233";"    1773";"    1744";"     613";"     514";"     617";"      29";"   1.583";"   0.666";"   0.620";"   0.201";"   0.096";"       .";"       .";"    27.3";"    25.4";"    27.7";"    29.9";"    33.2";"       .";"       .";"    0.76"
"29";"1979JJ00";"  174979";"    12.5";"    49.5";"  174979";"   89625";"   85354";"    1050";"  174979";"    4088";"   41100";"   78939";"   40590";"    8565";"    1546";"     151";"  174979";"   75894";"   66510";"   22753";"    9822";"  174979";"  168976";"    6003";"  174979";"       .";"       .";"       .";"       .";"       .";"       .";"    1240";"     7.0";"  174345";"  172492";"    1853";"    1832";"     655";"     545";"     632";"      21";"   1.563";"   0.668";"   0.592";"   0.206";"   0.097";"       .";"       .";"    27.4";"    25.5";"    27.8";"    29.9";"    33.0";"       .";"       .";"    0.75"
"30";"1980JJ00";"  181294";"    12.8";"    50.5";"  181294";"   92948";"   88346";"    1052";"  181294";"    4203";"   41403";"   80940";"   43955";"    8916";"    1700";"     177";"  181294";"   78103";"   67228";"   24985";"   10978";"  181294";"  173840";"    7454";"  181294";"       .";"       .";"       .";"       .";"       .";"       .";"    1205";"     6.6";"  180517";"  178565";"    1952";"    1927";"     688";"     541";"     698";"      25";"   1.602";"   0.680";"   0.593";"   0.223";"   0.105";"       .";"       .";"    27.5";"    25.6";"    27.9";"    30.0";"    33.0";"       .";"       .";"    0.76"
"31";"1981JJ00";"  178569";"    12.5";"    49.1";"  178569";"   91177";"   87392";"    1043";"  178569";"    4202";"   38953";"   79856";"   43582";"   10109";"    1668";"     199";"  178569";"   76368";"   65497";"   25169";"   11535";"  178569";"  169910";"    8659";"  178569";"       .";"       .";"       .";"       .";"       .";"       .";"    1122";"     6.2";"  177692";"  175727";"    1965";"    1932";"     698";"     539";"     695";"      33";"   1.563";"   0.658";"   0.574";"   0.223";"   0.108";"       .";"       .";"    27.6";"    25.7";"    28.0";"    30.1";"    33.1";"       .";"       .";"    0.75"
"32";"1982JJ00";"  172071";"    12.0";"    46.7";"  172071";"   88219";"   83852";"    1052";"  172071";"    3740";"   36487";"   76327";"   42637";"   10988";"    1710";"     182";"  172071";"   73445";"   62512";"   24364";"   11750";"  172071";"  161924";"   10147";"  172071";"       .";"       .";"       .";"       .";"       .";"       .";"    1010";"     5.8";"  171156";"  169268";"    1888";"    1854";"     664";"     510";"     680";"      34";"   1.496";"   0.628";"   0.544";"   0.215";"   0.108";"       .";"       .";"    27.8";"    25.8";"    28.1";"    30.2";"    33.1";"       .";"       .";"    0.72"
"33";"1983JJ00";"  170246";"    11.8";"    45.7";"  170246";"   87037";"   83209";"    1046";"  170246";"    3469";"   35168";"   74591";"   43764";"   11463";"    1596";"     195";"  170246";"   74602";"   60638";"   23426";"   11580";"  170246";"  158389";"   11857";"  170246";"       .";"       .";"       .";"       .";"       .";"       .";"    1002";"     5.9";"  169373";"  167521";"    1852";"    1830";"     631";"     570";"     629";"      22";"   1.468";"   0.633";"   0.524";"   0.206";"   0.105";"       .";"       .";"    27.9";"    26.0";"    28.2";"    30.3";"    33.1";"       .";"       .";"    0.70"
"34";"1984JJ00";"  174436";"    12.1";"    46.2";"  174436";"   89494";"   84942";"    1054";"  174436";"    3237";"   34639";"   76396";"   46020";"   12251";"    1724";"     169";"  174436";"   78076";"   60727";"   23866";"   11767";"  174436";"  161082";"   13354";"  174436";"       .";"       .";"       .";"       .";"       .";"       .";"    1036";"     5.9";"  173410";"  171385";"    2025";"    1991";"     691";"     610";"     690";"      34";"   1.491";"   0.657";"   0.521";"   0.208";"   0.106";"       .";"       .";"    28.0";"    26.2";"    28.3";"    30.4";"    33.2";"       .";"       .";"    0.71"
"35";"1985JJ00";"  178136";"    12.3";"    46.6";"  178136";"   91027";"   87109";"    1045";"  178136";"    2988";"   32813";"   77024";"   50091";"   13274";"    1725";"     221";"  178136";"   78392";"   63184";"   24507";"   12053";"  178136";"  163370";"   14766";"  178136";"       .";"       .";"       .";"       .";"       .";"       .";"    1054";"     5.9";"  177067";"  174977";"    2090";"    2058";"     716";"     653";"     689";"      32";"   1.511";"   0.655";"   0.537";"   0.212";"   0.107";"       .";"       .";"    28.2";"    26.5";"    28.5";"    30.6";"    33.2";"       .";"       .";"    0.73"
"36";"1986JJ00";"  184513";"    12.7";"    47.7";"  184513";"   93853";"   90660";"    1035";"  184513";"    3044";"   31149";"   79071";"   54472";"   14454";"    2096";"     227";"  184513";"   80380";"   66218";"   25560";"   12355";"  184513";"  168293";"   16220";"  184513";"       .";"       .";"       .";"       .";"       .";"       .";"    1060";"     5.7";"  183312";"  181087";"    2225";"    2194";"     728";"     691";"     775";"      31";"   1.552";"   0.667";"   0.558";"   0.219";"   0.109";"       .";"       .";"    28.4";"    26.8";"    28.7";"    30.7";"    33.3";"       .";"       .";"    0.75"
"37";"1987JJ00";"  186667";"    12.7";"    47.8";"  186667";"   95819";"   90848";"    1055";"  186667";"    3057";"   28870";"   78446";"   58096";"   15705";"    2272";"     221";"  186667";"   81712";"   66588";"   25731";"   12636";"  186667";"  169282";"   17385";"  186667";"       .";"       .";"       .";"       .";"       .";"       .";"    1036";"     5.5";"  185341";"  183036";"    2305";"    2250";"     748";"     688";"     814";"      55";"   1.558";"   0.673";"   0.556";"   0.219";"   0.110";"       .";"       .";"    28.7";"    27.0";"    29.0";"    30.8";"    33.4";"       .";"       .";"    0.75"
"38";"1988JJ00";"  186647";"    12.6";"    47.4";"  186647";"   95474";"   91173";"    1047";"  186647";"    3171";"   27323";"   76407";"   60527";"   16613";"    2392";"     214";"  186647";"   83209";"   65216";"   25601";"   12621";"  186647";"  167696";"   18951";"  186647";"       .";"       .";"       .";"       .";"       .";"       .";"    1038";"     5.5";"  185239";"  182845";"    2394";"    2346";"     814";"     727";"     805";"      48";"   1.545";"   0.681";"   0.540";"   0.215";"   0.109";"       .";"       .";"    28.8";"    27.2";"    29.2";"    30.9";"    33.4";"       .";"       .";"    0.75"
"39";"1989JJ00";"  188979";"    12.7";"    47.8";"  188979";"   96300";"   92679";"    1039";"  188979";"    3171";"   26228";"   75033";"   63395";"   18301";"    2618";"     233";"  188979";"   83684";"   66292";"   26247";"   12756";"  188979";"  168802";"   20177";"  188979";"       .";"       .";"       .";"       .";"       .";"       .";"    1100";"     5.8";"  187439";"  184881";"    2558";"    2480";"     847";"     820";"     813";"      78";"   1.553";"   0.681";"   0.544";"   0.219";"   0.109";"       .";"       .";"    29.0";"    27.3";"    29.4";"    31.1";"    33.6";"       .";"       .";"    0.75"
"40";"1990JJ00";"  197965";"    13.2";"    49.9";"  197965";"  101561";"   96404";"    1053";"  197965";"    3258";"   25988";"   76315";"   68923";"   20438";"    2778";"     265";"  197965";"   89237";"   68193";"   27474";"   13061";"  197965";"  175440";"   22525";"  197965";"       .";"       .";"       .";"       .";"       .";"       .";"    1139";"     5.7";"  196171";"  193363";"    2808";"    2690";"     892";"     882";"     916";"     118";"   1.617";"   0.724";"   0.556";"   0.227";"   0.111";"       .";"       .";"    29.2";"    27.5";"    29.6";"    31.3";"    33.6";"       .";"       .";"    0.78"
"41";"1991JJ00";"  198665";"    13.2";"    49.8";"  198665";"  101581";"   97084";"    1046";"  198665";"    3072";"   25007";"   73994";"   70969";"   22329";"    3045";"     249";"  198665";"   90011";"   68892";"   26965";"   12797";"  198665";"  174839";"   23826";"  198665";"       .";"       .";"       .";"       .";"    1282";"     6.4";"    1067";"     5.3";"  196698";"  193780";"    2918";"    2794";"     961";"     943";"     890";"     124";"   1.612";"   0.727";"   0.557";"   0.221";"   0.107";"       .";"       .";"    29.4";"    27.7";"    29.9";"    31.5";"    33.7";"       .";"       .";"    0.78"
"42";"1992JJ00";"  196734";"    13.0";"    49.1";"  196734";"  100862";"   95872";"    1052";"  196734";"    2692";"   23442";"   70031";"   73197";"   23854";"    3273";"     245";"  196734";"   87147";"   69696";"   27007";"   12884";"  196734";"  172251";"   24483";"  196734";"       .";"       .";"       .";"       .";"    1332";"     6.7";"    1114";"     5.6";"  194833";"  191929";"    2904";"    2789";"     867";"     959";"     963";"     115";"   1.587";"   0.703";"   0.559";"   0.219";"   0.107";"       .";"       .";"    29.6";"    28.0";"    30.0";"    31.7";"    33.8";"       .";"       .";"    0.76"
"43";"1993JJ00";"  195748";"    12.8";"    48.7";"  195748";"  100118";"   95630";"    1047";"  195748";"    2461";"   21776";"   67439";"   75094";"   25280";"    3474";"     224";"  195748";"   86888";"   70237";"   26396";"   12227";"  195748";"  170100";"   25648";"  195748";"       .";"       .";"       .";"       .";"    1338";"     6.8";"    1071";"     5.4";"  193816";"  190898";"    2918";"    2825";"     954";"     953";"     918";"      93";"   1.572";"   0.700";"   0.560";"   0.212";"   0.100";"       .";"       .";"    29.8";"    28.3";"    30.3";"    31.9";"    33.9";"       .";"       .";"    0.76"
"44";"1994JJ00";"  195611";"    12.7";"    48.6";"  195611";"  100261";"   95350";"    1052";"  195611";"    2288";"   20548";"   65633";"   76774";"   26532";"    3621";"     215";"  195611";"   86999";"   69798";"   26652";"   12162";"  195611";"  167712";"   27899";"  195611";"       .";"       .";"       .";"       .";"    1319";"     6.7";"    1055";"     5.4";"  193627";"  190695";"    2932";"    2818";"     945";"     973";"     900";"     114";"   1.569";"   0.703";"   0.555";"   0.212";"   0.098";"       .";"       .";"    30.0";"    28.4";"    30.5";"    31.9";"    33.9";"       .";"       .";"    0.76"
"45";"1995JJ00";"  190513";"    12.3";"    47.3";"  190513";"   97560";"   92953";"    1050";"  190513";"    1904";"   18366";"   62700";"   76235";"   27502";"    3644";"     162";"  190513";"   85030";"   69611";"   24861";"   11011";"  190513";"  160952";"   29561";"  190513";"       .";"       .";"       .";"       .";"    1222";"     6.4";"     961";"     5.0";"  188186";"  185050";"    3136";"    3070";"    1072";"     990";"    1008";"      66";"   1.531";"   0.691";"   0.554";"   0.198";"   0.089";"       .";"       .";"    30.2";"    28.6";"    30.7";"    32.1";"    34.1";"       .";"       .";"    0.74"
"46";"1996JJ00";"  189521";"    12.2";"    47.4";"  189521";"   97576";"   91945";"    1061";"  189521";"    1857";"   16760";"   61129";"   77057";"   28740";"    3796";"     182";"  189521";"   85792";"   68334";"   24631";"   10764";"  189521";"  157329";"   32192";"  189521";"  149722";"   39799";"   15445";"   24354";"    1221";"     6.4";"     947";"     5.0";"  187033";"  183738";"    3295";"    3197";"    1069";"    1069";"    1059";"      98";"   1.529";"   0.703";"   0.545";"   0.195";"   0.086";"   1.461";"   0.662";"    30.3";"    28.9";"    30.8";"    32.3";"    34.2";"    33.0";"    31.6";"    0.73"
"47";"1997JJ00";"  192443";"    12.3";"    48.5";"  192443";"   98254";"   94189";"    1043";"  192443";"    1979";"   16556";"   60515";"   78845";"   30256";"    4125";"     167";"  192443";"   89322";"   68173";"   24238";"   10710";"  192443";"  155580";"   36863";"  192443";"  150688";"   41755";"   15497";"   26258";"    1279";"     6.6";"     985";"     5.1";"  190029";"  186701";"    3328";"    3245";"    1068";"    1134";"    1043";"      83";"   1.562";"   0.739";"   0.546";"   0.192";"   0.085";"   1.485";"   0.692";"    30.4";"    29.0";"    31.0";"    32.5";"    34.3";"    33.1";"    31.7";"    0.76"
"48";"1998JJ00";"  199408";"    12.7";"    50.4";"  199408";"  102137";"   97271";"    1050";"  199408";"    2038";"   16330";"   61191";"   82702";"   32531";"    4451";"     165";"  199408";"   93876";"   69877";"   24970";"   10685";"  199408";"  157969";"   41439";"  199408";"  155578";"   43830";"   16162";"   27668";"    1271";"     6.3";"     970";"     4.8";"  196682";"  193052";"    3630";"    3556";"    1180";"    1233";"    1143";"      74";"   1.628";"   0.783";"   0.562";"   0.198";"   0.085";"   1.540";"   0.731";"    30.6";"    29.1";"    31.2";"    32.6";"    34.3";"    33.3";"    31.9";"    0.79"
"49";"1999JJ00";"  200445";"    12.7";"    50.8";"  200445";"  102896";"   97549";"    1055";"  200445";"    2323";"   16246";"   58920";"   83718";"   34243";"    4808";"     187";"  200445";"   93815";"   71289";"   24840";"   10501";"  200445";"  154853";"   45592";"  200445";"  155800";"   44645";"   16339";"   28306";"    1263";"     6.3";"     944";"     4.7";"  197633";"  193924";"    3709";"    3634";"    1156";"    1348";"    1130";"      75";"   1.652";"   0.794";"   0.577";"   0.198";"   0.083";"   1.555";"   0.737";"    30.6";"    29.1";"    31.3";"    32.7";"    34.5";"    33.3";"    31.9";"    0.79"
"50";"2000JJ00";"  206619";"    13.0";"    52.4";"  206619";"  105637";"  100982";"    1046";"  206619";"    2503";"   17456";"   57358";"   87117";"   36750";"    5249";"     186";"  206619";"   95972";"   74014";"   25685";"   10948";"  206619";"  155080";"   51539";"  206619";"  158884";"   47735";"   17267";"   30468";"    1253";"     6.0";"    1000";"     4.8";"  203890";"  200172";"    3718";"    3639";"    1203";"    1335";"    1101";"      79";"   1.723";"   0.826";"   0.604";"   0.205";"   0.087";"   1.614";"   0.764";"    30.7";"    29.1";"    31.4";"    32.9";"    34.7";"    33.5";"    32.0";"    0.83"
"51";"2001JJ00";"  202603";"    12.6";"    51.3";"  202603";"  103806";"   98797";"    1051";"  202603";"    2686";"   17471";"   53838";"   85616";"   37345";"    5451";"     196";"  202603";"   93695";"   73533";"   24896";"   10479";"  202603";"  147495";"   55108";"  202603";"  154766";"   47837";"   16884";"   30953";"    1258";"     6.2";"     996";"     4.9";"  199860";"  196109";"    3751";"    3695";"    1204";"    1335";"    1156";"      56";"   1.710";"   0.821";"   0.606";"   0.200";"   0.083";"   1.596";"   0.756";"    30.8";"    29.2";"    31.6";"    33.0";"    34.7";"    33.6";"    32.1";"    0.83"
"52";"2002JJ00";"  202083";"    12.5";"    51.2";"  202083";"  103734";"   98349";"    1055";"  202083";"    2649";"   17667";"   51907";"   86077";"   37859";"    5701";"     223";"  202083";"   92199";"   74403";"   25312";"   10169";"  202083";"  143558";"   58525";"  202083";"  153791";"   48292";"   16926";"   31366";"    1185";"     5.8";"     945";"     4.7";"  199205";"  195436";"    3769";"    3707";"    1256";"    1288";"    1163";"      62";"   1.731";"   0.822";"   0.622";"   0.206";"   0.081";"   1.612";"   0.758";"    30.9";"    29.2";"    31.6";"    33.1";"    34.8";"    33.7";"    32.2";"    0.83"
"53";"2003JJ00";"  200297";"    12.3";"    50.8";"  200297";"  102870";"   97427";"    1056";"  200297";"    2484";"   17560";"   51155";"   83595";"   39429";"    5836";"     238";"  200297";"   91120";"   73952";"   25299";"    9926";"  200297";"  138858";"   61439";"  200297";"  151670";"   48627";"   17114";"   31513";"    1124";"     5.6";"     928";"     4.6";"  197472";"  193786";"    3686";"    3616";"    1212";"    1265";"    1139";"      70";"   1.747";"   0.828";"   0.630";"   0.209";"   0.080";"   1.626";"   0.765";"    31.0";"    29.3";"    31.7";"    33.2";"    34.9";"    33.8";"    32.3";"    0.83"
"54";"2004JJ00";"  194007";"    11.9";"    49.3";"  194007";"   99230";"   94777";"    1047";"  194007";"    2182";"   17383";"   49344";"   79001";"   39655";"    6225";"     217";"  194007";"   88432";"   71462";"   24518";"    9595";"  194007";"  130978";"   63029";"  194007";"  145450";"   48557";"   16784";"   31773";"    1013";"     5.2";"     795";"     4.1";"  191158";"  187571";"    3587";"    3523";"    1140";"    1228";"    1155";"      64";"   1.726";"   0.819";"   0.623";"   0.206";"   0.078";"   1.609";"   0.760";"    31.0";"    29.4";"    31.8";"    33.3";"    35.0";"    34.0";"    32.5";"    0.84"
"55";"2005JJ00";"  187910";"    11.5";"    48.0";"  187910";"   96338";"   91572";"    1052";"  187910";"    2010";"   16693";"   48852";"   73845";"   39967";"    6308";"     235";"  187910";"   84928";"   69668";"   23980";"    9334";"  187910";"  122347";"   65563";"  187910";"  139983";"   47927";"   16416";"   31511";"     983";"     5.2";"     760";"     4.0";"  185151";"  181655";"    3496";"    3448";"    1165";"    1199";"    1084";"      48";"   1.708";"   0.802";"   0.623";"   0.206";"   0.078";"   1.598";"   0.750";"    31.1";"    29.4";"    31.8";"    33.3";"    35.1";"    34.0";"    32.5";"    0.82"
"56";"2006JJ00";"  185057";"    11.3";"    47.5";"  185057";"   94979";"   90078";"    1054";"  185057";"    1859";"   16344";"   49342";"   70987";"   39951";"    6328";"     246";"  185057";"   82877";"   69127";"   23680";"    9373";"  185057";"  116482";"   68575";"  185057";"  137454";"   47603";"   16091";"   31512";"     856";"     4.6";"     642";"     3.5";"  182448";"  179204";"    3244";"    3210";"    1024";"    1142";"    1044";"      34";"   1.720";"   0.797";"   0.635";"   0.209";"   0.080";"   1.615";"   0.750";"    31.1";"    29.4";"    31.8";"    33.3";"    35.1";"    34.1";"    32.5";"    0.83"
"57";"2007JJ00";"  181336";"    11.1";"    46.8";"  181336";"   92560";"   88776";"    1043";"  181336";"    1858";"   16384";"   48863";"   67787";"   39668";"    6522";"     254";"  181336";"   81905";"   66842";"   23456";"    9133";"  181336";"  109777";"   71559";"  181336";"  133849";"   47487";"   16330";"   31157";"     781";"     4.3";"     608";"     3.3";"  178850";"  175788";"    3062";"    3023";"     975";"    1078";"     970";"      39";"   1.718";"   0.799";"   0.627";"   0.212";"   0.080";"   1.620";"   0.757";"    31.1";"    29.4";"    31.8";"    33.3";"    35.1";"    34.1";"    32.5";"    0.83"
"58";"2008JJ00";"  184634";"    11.2";"    47.8";"  184634";"   94838";"   89796";"    1056";"  184634";"    1905";"   16336";"   50710";"   69132";"   39455";"    6817";"     279";"  184634";"   83335";"   68144";"   24021";"    9134";"  184634";"  108497";"   76137";"  184634";"  136170";"   48464";"   16865";"   31599";"     774";"     4.2";"     608";"     3.3";"  181997";"  178770";"    3227";"    3189";"    1039";"    1083";"    1067";"      38";"   1.773";"   0.819";"   0.651";"   0.223";"   0.081";"   1.679";"   0.781";"    31.1";"    29.4";"    31.8";"    33.3";"    35.1";"    34.1";"    32.4";"    0.86"
"59";"2009JJ00";"  184915";"    11.2";"    48.0";"  184915";"   94619";"   90296";"    1048";"  184915";"    1953";"   16499";"   51459";"   68828";"   38637";"    7252";"     287";"  184915";"   85242";"   66819";"   23810";"    9044";"  184915";"  104879";"   80036";"  184915";"  135544";"   49371";"   17543";"   31828";"     648";"     3.5";"     499";"     2.7";"  182186";"  178989";"    3197";"    3153";"    1064";"    1071";"    1018";"      44";"   1.790";"   0.839";"   0.645";"   0.224";"   0.082";"   1.704";"   0.805";"    31.0";"    29.4";"    31.8";"    33.4";"    35.1";"    34.0";"    32.4";"    0.87"
"60";"2010JJ00";"  184397";"    11.1";"    48.0";"  184397";"   94129";"   90268";"    1043";"  184397";"    1884";"   16417";"   51570";"   69420";"   37213";"    7565";"     328";"  184397";"   85466";"   66412";"   23604";"    8915";"  184397";"  108645";"   75752";"  184397";"  133739";"   50658";"   17958";"   32700";"     648";"     3.5";"     490";"     2.7";"  181837";"  178819";"    3018";"    2974";"     956";"    1060";"     958";"      44";"   1.796";"   0.841";"   0.647";"   0.226";"   0.082";"   1.719";"   0.812";"    31.0";"    29.4";"    31.7";"    33.3";"    35.1";"    34.0";"    32.4";"    0.87"
"61";"2011JJ00";"  180060";"    10.8";"    47.1";"  180060";"   92353";"   87707";"    1053";"  180060";"    1717";"   15782";"   50295";"   69174";"   35340";"    7393";"     359";"  180060";"   83538";"   65423";"   22436";"    8663";"  180060";"  104864";"   75196";"  180060";"  129802";"   50258";"   17551";"   32707";"     620";"     3.4";"     486";"     2.7";"  177648";"  174778";"    2870";"    2825";"     965";"     947";"     913";"      45";"   1.759";"   0.821";"   0.640";"   0.217";"   0.081";"   1.695";"   0.797";"    31.0";"    29.4";"    31.7";"    33.2";"    35.1";"    34.0";"    32.4";"    0.85"
"62";"2012JJ00";"  175959";"    10.5";"    46.3";"  175959";"   90180";"   85779";"    1051";"  175959";"    1592";"   15206";"   50371";"   67489";"   33725";"    7212";"     364";"  175959";"   81617";"   64343";"   21616";"    8383";"  175959";"  100929";"   75030";"  175959";"  125372";"   50587";"   17644";"   32943";"     594";"     3.4";"     438";"     2.5";"  173429";"  170487";"    2942";"    2893";"     993";"     967";"     933";"      49";"   1.723";"   0.801";"   0.631";"   0.211";"   0.080";"   1.671";"   0.782";"    31.0";"    29.4";"    31.7";"    33.2";"    35.0";"    34.0";"    32.4";"    0.83"
"63";"2013JJ00";"  171341";"    10.2";"    45.3";"  171341";"   87957";"   83384";"    1055";"  171341";"    1360";"   14581";"   49342";"   65925";"   32939";"    6836";"     358";"  171341";"   79460";"   62905";"   20930";"    8046";"  171341";"   97342";"   73999";"  171341";"  121724";"   49617";"   17635";"   31982";"     510";"     3.0";"     401";"     2.3";"  168883";"  166050";"    2833";"    2788";"     942";"     933";"     913";"      45";"   1.679";"   0.778";"   0.618";"   0.205";"   0.078";"   1.638";"   0.763";"    31.0";"    29.4";"    31.7";"    33.2";"    34.8";"    34.0";"    32.4";"    0.81"
"64";"2014JJ00";"  175181";"    10.4";"    46.5";"  175181";"   89510";"   85671";"    1045";"  175181";"    1276";"   14213";"   50307";"   68120";"   33797";"    7046";"     422";"  175181";"   80744";"   64013";"   21754";"    8670";"  175181";"   97933";"   77248";"  175181";"  123345";"   51836";"   18414";"   33422";"     487";"     2.8";"     376";"     2.1";"  172818";"  170108";"    2710";"    2668";"     930";"     911";"     827";"      42";"   1.713";"   0.787";"   0.628";"   0.214";"   0.084";"   1.678";"   0.775";"    31.1";"    29.5";"    31.8";"    33.2";"    35.0";"    34.0";"    32.5";"    0.83"
"65";"2015JJ00";"  170510";"    10.1";"    45.4";"  170510";"   87427";"   83083";"    1052";"  170510";"    1109";"   13125";"   48724";"   66373";"   34070";"    6733";"     376";"  170510";"   77666";"   62811";"   21588";"    8445";"  170510";"   95219";"   75291";"  170510";"  118657";"   51853";"   18589";"   33264";"     500";"     2.9";"     382";"     2.2";"  168184";"  165502";"    2682";"    2639";"     921";"     855";"     863";"      43";"   1.658";"   0.752";"   0.613";"   0.211";"   0.082";"   1.630";"   0.741";"    31.1";"    29.6";"    31.8";"    33.2";"    34.8";"    34.1";"    32.5";"    0.80"
"66";"2016JJ00";"  172520";"    10.1";"    46.0";"  172520";"   88587";"   83933";"    1055";"  172520";"    1076";"   12580";"   48557";"   67760";"   35205";"    6922";"     420";"  172520";"   78092";"   63287";"   22345";"    8796";"  172520";"   96688";"   75832";"  172520";"  118787";"   53733";"   18723";"   35010";"     493";"     2.8";"     388";"     2.2";"  170323";"  167756";"    2567";"    2534";"     834";"     845";"     855";"      33";"   1.663";"   0.748";"   0.612";"   0.217";"   0.086";"   1.639";"   0.739";"    31.2";"    29.7";"    31.8";"    33.3";"    35.0";"    34.1";"    32.6";"    0.80"
"67";"2017JJ00";"  169836";"     9.9";"    45.2";"  169836";"   87159";"   82677";"    1054";"  169836";"    1023";"   11722";"   47197";"   67575";"   34905";"    6941";"     473";"  169836";"   76507";"   62356";"   22123";"    8850";"  169836";"   96213";"   73623";"  169836";"  116236";"   53600";"   18914";"   34686";"     482";"     2.8";"     356";"     2.1";"  167595";"  165008";"    2587";"    2554";"     889";"     852";"     813";"      33";"   1.619";"   0.724";"   0.596";"   0.213";"   0.086";"   1.601";"   0.716";"    31.3";"    29.8";"    31.9";"    33.3";"    35.0";"    34.2";"    32.7";"    0.78"
"68";"2018JJ00";"  168525";"     9.8";"    44.8";"  168525";"   86204";"   82321";"    1047";"  168525";"     950";"   11223";"   45974";"   68110";"   34715";"    7089";"     464";"  168525";"   75553";"   61742";"   22222";"    9008";"  168525";"   96257";"   72268";"  168525";"  113915";"   54610";"   18923";"   35687";"     506";"     3.0";"     383";"     2.3";"  166331";"  163786";"    2545";"    2497";"     837";"     837";"     823";"      48";"   1.586";"   0.706";"   0.583";"   0.211";"   0.086";"   1.571";"   0.698";"    31.4";"    29.9";"    31.9";"    33.3";"    35.0";"    34.2";"    32.7";"    0.77"
"69";"2019JJ00";"  169680";"     9.8";"    45.1";"  169680";"   86893";"   82787";"    1050";"  169680";"     915";"   10685";"   45300";"   69205";"   35732";"    7356";"     487";"  169680";"   77225";"   61267";"   22206";"    8982";"  169680";"   97958";"   71722";"  169680";"  113721";"   55959";"   19343";"   36616";"     512";"     3.0";"     405";"     2.4";"  167588";"  165112";"    2476";"    2444";"     831";"     794";"     819";"      32";"   1.574";"   0.712";"   0.569";"   0.208";"   0.085";"   1.560";"   0.703";"    31.5";"    30.0";"    32.1";"    33.5";"    35.1";"    34.3";"    32.8";"    0.76"
"70";"2020JJ00";"  168681";"     9.7";"    44.8";"  168681";"   86497";"   82184";"    1052";"  168681";"     876";"   10015";"   43666";"   70258";"   35868";"    7571";"     427";"  168681";"   76723";"   61405";"   21587";"    8966";"  168681";"   97745";"   70936";"  168681";"  113404";"   55277";"   19071";"   36206";"     476";"     2.8";"     360";"     2.1";"  166466";"  163910";"    2556";"    2519";"     901";"     807";"     811";"      37";"   1.545";"   0.699";"   0.563";"   0.200";"   0.084";"   1.528";"   0.688";"    31.6";"    30.1";"    32.2";"    33.5";"    35.2";"    34.4";"    32.9";"    0.75"
"71";"2021JJ00";"  179441";"    10.2";"    47.7";"  179441";"   91817";"   87624";"    1048";"  179441";"     715";"    9899";"   45289";"   75904";"   39153";"    8007";"     474";"  179441";"   81529";"   65209";"   23356";"    9347";"  179441";"  103800";"   75641";"  179441";"  121283";"   58158";"   20416";"   37742";"     499";"     2.8";"     388";"     2.2";"  177248";"  174678";"    2570";"    2542";"     867";"     796";"     879";"      28";"   1.624";"   0.735";"   0.590";"   0.213";"   0.086";"   1.604";"   0.721";"    31.7";"    30.3";"    32.3";"    33.6";"    35.3";"    34.4";"    32.8";"    0.79"
